patient_id,patient_name,date_of_birth,address,phone_number,email,admit_date,discharge_date,discharge_summary,pseudonymized_patient_name,pseudonymized_patient_id,pseudonymized_date_of_birth,pseudonymized_address,pseudonymized_phone_number,pseudonymized_email,deidentified_discharge_summary
PID10000,Emily Johnson,1939-12-01,"569 Pine Rd, New City, FL 60631",771-496-3152,emily.johnson@example.com,2024-10-07,2024-10-23,"Patient admitted on 2024-10-07 with condition.
Presenting symptoms included discomfort.
Discharged on 2024-10-23 with instructions.",7d338a7b6e11b37e2b2ca886e08f53beba86695bba1050d5482c6e48afa4f9e1,3c6c0347598c6dfde5d2a840a6093f2e79a86f48fc1d3fe54852c101141655a9,1940-02-07,e917a39de653d1b73a735e4bf4bfd30f96dff9125c0b5c70287f58ece081a075,04a6119c29f88861a60367cf44f1079fd0c8260b9d41d6b060a37f4017466560,6e7c37b3b592e8a7be84f93b2810995b779919ccf2f2dd27ccf9d2c53c7cfa61,"Patient admitted on 2024-10-07 with condition.
Presenting symptoms included discomfort.
Discharged on 2024-10-23 with instructions."
PID10001,Sarah Johnson,1999-11-08,"257 Main St, New City, CA 49434",770-763-8813,sarah.johnson@example.com,2025-05-07,2025-05-15,"Patient admitted on 2025-05-07 with condition.
Presenting symptoms included discomfort.
Discharged on 2025-05-15 with instructions.",3b0e8b78d1a758fea307e594b9ec0c2963749e7f3dc9af9e48fbb18999474af4,79f4c6ac99b3add0a61c9faeae03870c8c86dfc224652e6dd9655f1a48b8d18e,2000-01-15,20cc8553f8f9d2d584caf14b27ca043de60766f01ba65aff9f172999ec72a499,8d3a9b99b9d9f38e5256c8c06d785016d825dfb9ef8911c7abb6c94ea306b4f2,06409f9ddba64c40ad602dd6a6243b5af66d31350fe4d79f7e6befb238d3c43a,"Patient admitted on 2025-05-07 with condition.
Presenting symptoms included discomfort.
Discharged on 2025-05-15 with instructions."
PID10002,Jane Brown,1954-09-01,"465 Pine Rd, Otherville, FL 94207",613-808-3572,jane.brown@example.com,2025-01-27,2025-02-04,"Patient admitted on 2025-01-27 with condition.
Presenting symptoms included discomfort.
Discharged on 2025-02-04 with instructions.",b07a708dcdbde7463a91e91a19e74706e256df7279fc32c8ff4fbad2fde3f8a0,743224d57ffedb308b7213188284740e9d203c77a3e8aa43376e53c287db9dd6,1954-11-08,7be8dfa4e3b5a128cdc21578457de806dc9d411f8bb5b2882dd7d61425575ab5,ced9fa6b53b9805ea8dcd3f8db90e214dccc881989cf186b2fcf3e278c7c2ffb,02097f8b4cb32e1802759e43b0e57ead9cfaf21d8b0b5c1d1fe737098d00b53d,"Patient admitted on 2025-01-27 with condition.
Presenting symptoms included discomfort.
Discharged on 2025-02-04 with instructions."
PID10003,Robert Johnson,1956-11-24,"165 Main St, Anytown, TX 54387",200-479-9339,robert.johnson@example.com,2024-09-07,2024-09-26,"Patient admitted on 2024-09-07 with condition.
Presenting symptoms included discomfort.
Discharged on 2024-09-26 with instructions.",adef2bec496ba597e2b2517d3c01fa52bab4c2763c127dfb850bd1128f12fb78,a8d35e5158aa255450250c024d5bd16f359c9c001ee485ff92fd2db4c0496b5a,1957-01-31,8f57d436a89eb267773657b58516b20d701c6b1ddf1282525c47f3753e10e164,70dfc956b114078e5eda9823f7efa4dc0d982f52c8906ffcf0a65adc0150e6e4,ef1ff15e603aa53f268bda547152741e0209bae58ce5f9a2673e9d9097f3ca1e,"Patient admitted on 2024-09-07 with condition.
Presenting symptoms included discomfort.
Discharged on 2024-09-26 with instructions."
PID10004,Sarah Brown,1991-07-26,"388 Elm St, New City, TX 11953",820-406-5583,sarah.brown@example.com,2024-10-11,2024-10-26,"Patient admitted on 2024-10-11 with condition.
Presenting symptoms included discomfort.
Discharged on 2024-10-26 with instructions.",84e84895433221438c565f69a77931bf992a52c69fd781a1dba569c14cff17ae,cd68bd22c2a154f5caf1499dc475254c94f96df36f28e0edbaa80f36e83b4500,1991-10-02,8fcc51054abca917584d6f9f6a8fc42ab6dcd1d21051eceafbb730a620adabee,d966ca3c589a455b82f883d28a925a1b67f8634b0f6a6fb1d1cbc679fd6b4812,ab552f42547e105314eb5fecac0bc424d366753a0eaae1b50eb750ec72782b94,"Patient admitted on 2024-10-11 with condition.
Presenting symptoms included discomfort.
Discharged on 2024-10-26 with instructions."
PID10005,Sarah Garcia,1972-01-20,"658 Elm St, Otherville, CA 80087",453-889-6340,sarah.garcia@example.com,2024-07-27,2024-08-15,"Patient admitted on 2024-07-27 with condition.
Presenting symptoms included discomfort.
Discharged on 2024-08-15 with instructions.",74e2477c59eb18ab6bf2b458db67cbb32411dd3ef0710ec0a96b5c533647a432,d3019d647d8749eb4a85229e550064326729fd34884f3e1dc1c65c781c30079f,1972-03-28,14b8df62c762069c17882bd884f0844cd830153e9468e141397e0bb80e63d89b,c0c8d1581c221243d86fa5ad6cee9883d1bc3d8ffc53dbafe9ff7fb63a61bcb9,66f79cda7d23c48cf2ef900dcb7696ddb511fa462088217374d2eecd27b6b257,"Patient admitted on 2024-07-27 with condition.
Presenting symptoms included discomfort.
Discharged on 2024-08-15 with instructions."
PID10006,Sarah Brown,2005-03-30,"136 Pine Rd, New City, TX 96709",278-406-1234,sarah.brown@example.com,2025-03-10,2025-03-28,"Patient admitted on 2025-03-10 with condition.
Presenting symptoms included discomfort.
Discharged on 2025-03-28 with instructions.",84e84895433221438c565f69a77931bf992a52c69fd781a1dba569c14cff17ae,b094da1af73b70f550bde7985e3924e058c4200d29bc123821d540d8270be1c9,2005-06-06,ce212e3d66f78ebb4746b062b833198d109d1d2d2a6edc57cb53e1702215ecfd,e5cf60afb1a6af80e4ee3155199f17d79fec5285dadc3d76b70d82fec1cab9aa,ab552f42547e105314eb5fecac0bc424d366753a0eaae1b50eb750ec72782b94,"Patient admitted on 2025-03-10 with condition.
Presenting symptoms included discomfort.
Discharged on 2025-03-28 with instructions."
PID10007,Michael Jones,1963-01-29,"965 Oak Ave, Anytown, TX 75042",587-551-9405,michael.jones@example.com,2024-06-19,2024-07-04,"Patient admitted on 2024-06-19 with condition.
Presenting symptoms included discomfort.
Discharged on 2024-07-04 with instructions.",e051d330088ce7d305fc42314b499b41c939ba9b1d24091ab8686cd24fe63386,d1b8f33d10fb5c00d7c8563fe9a42b1835fa757e7b30256293601071ba6266d3,1963-04-07,f32d4a96476ebd1097ac9d7f1d25b79334a0e5156e403c55c84258e32095c29e,bea401cd4749a0eed432b39b12d7acf82b40b1bbfb6d9ea1ddb4a8df6fac7421,20b58ba7d0bee6eaaffadf2fc4810db26df02cce948952afbf494ce2d2926141,"Patient admitted on 2024-06-19 with condition.
Presenting symptoms included discomfort.
Discharged on 2024-07-04 with instructions."
PID10008,Robert Johnson,1987-03-30,"446 Pine Rd, Otherville, IL 65488",899-869-6924,robert.johnson@example.com,2024-06-07,2024-06-13,"Patient admitted on 2024-06-07 with condition.
Presenting symptoms included discomfort.
Discharged on 2024-06-13 with instructions.",adef2bec496ba597e2b2517d3c01fa52bab4c2763c127dfb850bd1128f12fb78,c048023cc04ffad6b741091a746bb17b9f116cbdb206a382e7a4bcfac96744ac,1987-06-06,27c499c33dcb928871db52d6c33e9900c1bc3d566c6a8cdd76f64b266d64c62c,4b6180bac228d5aa1d27099a6da78520bb246daa33f849453bc6f763d42bb320,ef1ff15e603aa53f268bda547152741e0209bae58ce5f9a2673e9d9097f3ca1e,"Patient admitted on 2024-06-07 with condition.
Presenting symptoms included discomfort.
Discharged on 2024-06-13 with instructions."
PID10009,Jane Smith,1942-02-26,"832 Pine Rd, Anytown, FL 18588",825-862-8377,jane.smith@example.com,2024-07-24,2024-08-14,"Patient admitted on 2024-07-24 with condition.
Presenting symptoms included discomfort.
Discharged on 2024-08-14 with instructions.",93610486a4b284827340c2d1ae81ba455673c5b25ddde591d951bc562442aec2,afd2c23edc5c21b5f8ac17e0de5230ed8af858797fbcf14636a9e3e8eafdde12,1942-05-05,50eccd0c0e04d6714edef09f843de8e2559db87910f0c13f3536c13da6ad7b8b,b2acea887833b88423ea85b9a761f69f1f601892f213f09c2d1fa847ae439882,8800f58bf8ae39e2771ab8f395984e8d291203fd8f111ce6fc3029085fef5b6a,"Patient admitted on 2024-07-24 with condition.
Presenting symptoms included discomfort.
Discharged on 2024-08-14 with instructions."
PID10010,Michael Garcia,1973-08-20,"933 Elm St, Otherville, FL 85840",272-227-9211,michael.garcia@example.com,2024-11-30,2024-12-12,"Patient admitted on 2024-11-30 with condition.
Presenting symptoms included discomfort.
Discharged on 2024-12-12 with instructions.",ab86706161860ce066279ed04a864aff6b70ab39800bcdaa3ca4c334b5f8008a,093597d8b7b058cab7361cbc1000ec0fec2541705072abe535e0c9a85cd928bb,1973-10-27,d02e40a7ad7cc878813b3f7d874e70052fe0f54e9316cd8f13374d076af141f5,b10da84817aaee867ca016f322548f0b3100f6b3aefecc765e319cc285ba9e84,86528cb6ffa4c0727c47b0e9a1369188cab894db246d3c0146503f3c31a9f8c1,"Patient admitted on 2024-11-30 with condition.
Presenting symptoms included discomfort.
Discharged on 2024-12-12 with instructions."
PID10011,Emily Jones,1969-09-12,"898 Elm St, New City, CA 71690",524-388-5414,emily.jones@example.com,2025-02-01,2025-02-20,"Patient admitted on 2025-02-01 with condition.
Presenting symptoms included discomfort.
Discharged on 2025-02-20 with instructions.",3ac5eed3704eeb0d5e2cdf5fc52ecd21f310895cf55b53c2a98d86fee4f62a2b,446a0ceca8bf9bba5708e04b59af41d33e29df8ef29c7455cff154a5e598970e,1969-11-19,6a8544356d68b01cb3a047d9c5b6ab2fc39f2155a79ea7786a3a6669988e5cf2,c3c37f2ad585ffd23bbcde1f7acd4bff47d37de7b3df0b2472cad58856c73ec8,d8343990a65bac49867863fba3672ead5a8382f271fe3ba19db2347386ba56fc,"Patient admitted on 2025-02-01 with condition.
Presenting symptoms included discomfort.
Discharged on 2025-02-20 with instructions."
PID10012,John Brown,1966-11-13,"883 Main St, Somewhere, TX 17639",802-237-7388,john.brown@example.com,2024-07-10,2024-07-29,"Patient admitted on 2024-07-10 with condition.
Presenting symptoms included discomfort.
Discharged on 2024-07-29 with instructions.",d89be58d724e375cd5076c8e81afb59dc7f81900fde071e53fb6383c42602b52,cab2539de7e61fd5e84498971a56972e4123e7a2f565c36df6dc8497af2e8356,1967-01-20,813c49412932304ffbf48fb1ad07d04145c337fd87fbe9d838192b1d5af38c9a,a43533dcaefcbbb61c3af9297fe6a2b46d59d6321e845b7a82df6eb64a94f6b9,31d88e8b037709431b12cabb4c4c6066dedbe25c4e6ee71de7d262f311110909,"Patient admitted on 2024-07-10 with condition.
Presenting symptoms included discomfort.
Discharged on 2024-07-29 with instructions."
PID10013,Jane Jones,1955-07-14,"955 Maple Dr, Otherville, CA 16010",650-328-9163,jane.jones@example.com,2024-12-03,2024-12-12,"Patient admitted on 2024-12-03 with condition.
Presenting symptoms included discomfort.
Discharged on 2024-12-12 with instructions.",902dd08e0258bf9108a2880d2ffc5884ef5d58f2f0bd9063b0051bfee5667bab,d972781de4f7d4af76cd6b2b2288e9b56a2491b853780298eb37d93d00cda172,1955-09-20,f38226ea37d43060401e859bfb12b68dffe8041b2f267b9654699137ed9830ba,e9f06e1f360ab0506b5157b3dc8f606b5c46e8969dba50cbd38d6afee7add430,ecb29c9ce6aa480e5f9693aff842fb8d430c261b4def642ab3858f4dd8161cac,"Patient admitted on 2024-12-03 with condition.
Presenting symptoms included discomfort.
Discharged on 2024-12-12 with instructions."
PID10014,Emily Johnson,2005-04-20,"158 Elm St, Somewhere, FL 77004",373-689-1658,emily.johnson@example.com,2024-08-16,2024-08-24,"Patient admitted on 2024-08-16 with condition.
Presenting symptoms included discomfort.
Discharged on 2024-08-24 with instructions.",7d338a7b6e11b37e2b2ca886e08f53beba86695bba1050d5482c6e48afa4f9e1,f86b7a7baa7c6b87d1404883b379f4b5fbf4430a32968c459e68438500a13cc4,2005-06-27,fac344a25851c9ecec479a25aba895f59439e427a0ffeb22cfe99a1613e03906,96a8b76dbd48c77b392ed9bc93c0dc59a8b1e1648986209e78d9c5b8fdae3438,6e7c37b3b592e8a7be84f93b2810995b779919ccf2f2dd27ccf9d2c53c7cfa61,"Patient admitted on 2024-08-16 with condition.
Presenting symptoms included discomfort.
Discharged on 2024-08-24 with instructions."
PID10015,Michael Brown,1958-05-01,"105 Main St, Anytown, FL 35994",549-255-9444,michael.brown@example.com,2025-04-18,2025-04-21,"Patient admitted on 2025-04-18 with condition.
Presenting symptoms included discomfort.
Discharged on 2025-04-21 with instructions.",ae0b113ed55c61df8672edea3067af54f5c456facab22df7637253db86593cc4,0637894591b720768aff69e576e9d2acdbf1c70e23ae9a3157d60f00dd1e0438,1958-07-08,0aa4e2cbf36d01a67224fdee2e2d36dc8ad8708558b6419a22fc04558af5871c,6d17052c7950776d481e2ea86fb61b98e89af91dfcdc5e78e6ec1c33cff98b3d,b1a51de232c87ff826cf908127b14495e7324f051a75dc772a932fea9192af1f,"Patient admitted on 2025-04-18 with condition.
Presenting symptoms included discomfort.
Discharged on 2025-04-21 with instructions."
PID10016,Sarah Garcia,1950-08-01,"862 Pine Rd, New City, NY 62529",625-385-2223,sarah.garcia@example.com,2024-08-13,2024-08-14,"Patient admitted on 2024-08-13 with condition.
Presenting symptoms included discomfort.
Discharged on 2024-08-14 with instructions.",74e2477c59eb18ab6bf2b458db67cbb32411dd3ef0710ec0a96b5c533647a432,3c18540d98ac2a996d5a20ceb9f1f859ea5b0776020f79da1d47e1beb6a7d1c2,1950-10-08,6a4341e9dd1bf5bae27fcc79434a233cba1320057cf0e6b03a9701b46b0dd29c,f685f2d82ce1679fe4f768c59584c32a7275b140a8e5b369ebd37fd75dd02e69,66f79cda7d23c48cf2ef900dcb7696ddb511fa462088217374d2eecd27b6b257,"Patient admitted on 2024-08-13 with condition.
Presenting symptoms included discomfort.
Discharged on 2024-08-14 with instructions."
PID10017,Jane Smith,1951-11-20,"593 Elm St, New City, IL 23086",539-457-6755,jane.smith@example.com,2024-06-09,2024-06-25,"Patient admitted on 2024-06-09 with condition.
Presenting symptoms included discomfort.
Discharged on 2024-06-25 with instructions.",93610486a4b284827340c2d1ae81ba455673c5b25ddde591d951bc562442aec2,4bdf5ecf211264dc123e43da2752969c2cdfe9ed2fd349abce3d616a30042e88,1952-01-27,5f15157402f43cdb8d3334fa27a915ecd62147ce421247d3c6e4322ee9cde7f7,ad905292112d118bf280649f1d0662866cded56def8ac3002f0db5ad637a0394,8800f58bf8ae39e2771ab8f395984e8d291203fd8f111ce6fc3029085fef5b6a,"Patient admitted on 2024-06-09 with condition.
Presenting symptoms included discomfort.
Discharged on 2024-06-25 with instructions."
PID10018,John Williams,1961-05-29,"419 Pine Rd, Anytown, FL 78356",921-941-4717,john.williams@example.com,2024-11-08,2024-11-19,"Patient admitted on 2024-11-08 with condition.
Presenting symptoms included discomfort.
Discharged on 2024-11-19 with instructions.",6e8d8db04f9a36a9d0e4fff9f2a3e44e6f7ea946b937c661d76fc39c793455ca,ee702fc47f8e42cd154144831dcf5b47507c63bb32769aec302441b8e1936f55,1961-08-05,65ce1cf1fa638f02d6b14ba1c27f4b1e1d5b40b8ad7cd41ba1a1983f656bbc04,9c2d89b175382b9893d7c4f67e57f5be203ac1b09ea7835adae9faf20fa63fc5,073d5f95637a0bfab20e409c37df0ddce4f58112e340a0f74af43ee21454152b,"Patient admitted on 2024-11-08 with condition.
Presenting symptoms included discomfort.
Discharged on 2024-11-19 with instructions."
PID10019,Michael Williams,1957-03-01,"544 Main St, Otherville, CA 13441",416-357-3919,michael.williams@example.com,2025-02-02,2025-02-13,"Patient admitted on 2025-02-02 with condition.
Presenting symptoms included discomfort.
Discharged on 2025-02-13 with instructions.",e365ac0582995a404c4a6bdcc2b444b2ab52567af1c8eda91bf8b442478e6ac2,ea8173e4a4fb83df57a6e4e0582dc33d58a52ca89e263df761f76473a28c39a2,1957-05-08,8ec7808f8163f6f76c1087fdec1b8f89155ca0b27b41db7fb3e2e22bf239e52e,58a046d3a77bb1626c35704cf61de5050ef1ac1e61cf0f3d042aa0c3adf3d028,7ca4999d855460deb4a90e8ba9c6ac3f7da61ecec56ac8a95c374b492ea7c012,"Patient admitted on 2025-02-02 with condition.
Presenting symptoms included discomfort.
Discharged on 2025-02-13 with instructions."
PID10020,Emily Garcia,1946-08-21,"278 Oak Ave, Anytown, IL 29508",442-943-7853,emily.garcia@example.com,2025-02-24,2025-03-13,"Patient admitted on 2025-02-24 with condition.
Presenting symptoms included discomfort.
Discharged on 2025-03-13 with instructions.",e4449223146ef7794f58e08904fe926fb92825cee3bfb46db9d8664cafda40e4,3ebb4e70c5293965dc37d85f1b0931a1466b3ee8e67d7db485f19d0b410830b8,1946-10-28,ad86a817f483864f66cf5171eb907d0bc671dce39da7b16fff5cac3d82229e29,6d7f3ad46007dbb9e4b408026c3b629221e36d510ba4f44096f193e2b42fd210,2d0f9c235523107a181555eee36807408f44acf12d49eb9f4fdfafc808d5b623,"Patient admitted on 2025-02-24 with condition.
Presenting symptoms included discomfort.
Discharged on 2025-03-13 with instructions."
PID10021,Jane Garcia,1977-01-10,"368 Elm St, Otherville, FL 47384",394-708-4692,jane.garcia@example.com,2025-04-11,2025-05-01,"Patient admitted on 2025-04-11 with condition.
Presenting symptoms included discomfort.
Discharged on 2025-05-01 with instructions.",2297f1de36abd05032862393dd23fe45e248ddf834ec87eb31a45ade1f164ec7,46bfceec5af1653b5cf66aa1d3409ebc44a161626ffeb9affa361e8b26d083bd,1977-03-19,3d4360bd7ee5a96e278e8631999d5a2378c2aebd3edafb77d1c0b5baaab2a491,ecb28a8262add0b5937230a97ee5a456470eeb8e7218951448dde2955fa0dca0,1c50de2fa99ff6c456f57309bc2cb6377eae5ee64e9332eacbbf9ddda2cc7d8f,"Patient admitted on 2025-04-11 with condition.
Presenting symptoms included discomfort.
Discharged on 2025-05-01 with instructions."
PID10022,Robert Smith,1970-03-30,"349 Oak Ave, Somewhere, IL 41799",658-836-4417,robert.smith@example.com,2024-09-02,2024-09-03,"Patient admitted on 2024-09-02 with condition.
Presenting symptoms included discomfort.
Discharged on 2024-09-03 with instructions.",d2b36164fed57866e0914e4759e0bfbd3661fda4bcbbd6008a4257ce92827e23,13eabb3df39eb68cf2d68c868ef23fa03673ac0acd4b8e005504674b247fc624,1970-06-06,1715ff64f8486e2b6df3e8b7fb0a526dfa81b09c3f0b555f6f12fc77ad60c66e,7ef96b57d3794c65c101a6c58b21b39e6ac9d5a3ded8f9109bd5b1dd791c0f3e,7e5a57ed83e978ef3af7ca86ff6636c293f08be788f80775e756a7e18f1a64db,"Patient admitted on 2024-09-02 with condition.
Presenting symptoms included discomfort.
Discharged on 2024-09-03 with instructions."
PID10023,Sarah Jones,1976-11-19,"809 Oak Ave, Somewhere, TX 52738",438-675-7270,sarah.jones@example.com,2025-05-11,2025-05-22,"Patient admitted on 2025-05-11 with condition.
Presenting symptoms included discomfort.
Discharged on 2025-05-22 with instructions.",7abf1b8ecb2a8ecf2e214fc0cf5c5853b15a1fcc836afb6d8885c6d065b95416,c5b99ee7fb60cf092404630b0a484d8f41abff05f59f89c0bd5446035d67b153,1977-01-26,061c79a0333e70df9b38ae49f65e2f7d44b681cd9a3e90961e014e871ad687ad,3a1f37d027477774badf31591600cabc4d8764251f68e51ec9a46230085e6435,ecb74cf314d45d0f5874d8efa6ae515e82b1e4b1bbe517c133c5e9c6e44b536e,"Patient admitted on 2025-05-11 with condition.
Presenting symptoms included discomfort.
Discharged on 2025-05-22 with instructions."
PID10024,Jane Brown,1958-04-16,"267 Pine Rd, Somewhere, NY 65911",524-658-4891,jane.brown@example.com,2025-01-19,2025-01-29,"Patient admitted on 2025-01-19 with condition.
Presenting symptoms included discomfort.
Discharged on 2025-01-29 with instructions.",b07a708dcdbde7463a91e91a19e74706e256df7279fc32c8ff4fbad2fde3f8a0,330db80403350626f286f7b64b1425225f4733da4cdf5fa66b38f07ae88933d7,1958-06-23,71c0c9be00b6b3dc14b420686fda1e5b9bfdef7ab12a06cf22f199d382c1d59d,34632f09357431058ea59521c02ef02391c1cd40a918eab4c8039ea1defa220e,02097f8b4cb32e1802759e43b0e57ead9cfaf21d8b0b5c1d1fe737098d00b53d,"Patient admitted on 2025-01-19 with condition.
Presenting symptoms included discomfort.
Discharged on 2025-01-29 with instructions."
PID10025,Michael Johnson,1980-12-02,"343 Oak Ave, New City, CA 75863",743-770-9625,michael.johnson@example.com,2024-11-10,2024-11-20,"Patient admitted on 2024-11-10 with condition.
Presenting symptoms included discomfort.
Discharged on 2024-11-20 with instructions.",d47b248eed7534368499355d1bdfed2c63bfa0e81430d1f673e34df93d9fbc57,dc0ed2c22ee9654d373228c66032355b726b08e16f13718221aee2e47d4ec8cc,1981-02-08,09a0bba0cb4b3e7131dc7a61e5e46312b961c5298c2cc2175d156f1d2896c914,ba917008728e918b6e7af378faf0c66333543d0323f47e0de94777473bcafe71,ad6efcae6051aef17dbfbc481750369c7dec4fbda343bc057bf9f523ddda1712,"Patient admitted on 2024-11-10 with condition.
Presenting symptoms included discomfort.
Discharged on 2024-11-20 with instructions."
PID10026,Jane Brown,1984-07-14,"769 Maple Dr, New City, NY 26441",693-817-8976,jane.brown@example.com,2024-12-05,2024-12-09,"Patient admitted on 2024-12-05 with condition.
Presenting symptoms included discomfort.
Discharged on 2024-12-09 with instructions.",b07a708dcdbde7463a91e91a19e74706e256df7279fc32c8ff4fbad2fde3f8a0,1b16394f315462dea46379915b7a68948ddf46129d424b8ee6f69dfb153f86d0,1984-09-20,270cf6f4251174f8339c63473c443ba077d9b590a097891f2126abb05e776148,085ec0ccef3ba42629636b52862e8ce7e840bee40bd2124edc32b6db42d65e8a,02097f8b4cb32e1802759e43b0e57ead9cfaf21d8b0b5c1d1fe737098d00b53d,"Patient admitted on 2024-12-05 with condition.
Presenting symptoms included discomfort.
Discharged on 2024-12-09 with instructions."
PID10027,Jane Brown,1983-01-13,"277 Oak Ave, Somewhere, CA 41278",947-378-3144,jane.brown@example.com,2024-08-19,2024-09-09,"Patient admitted on 2024-08-19 with condition.
Presenting symptoms included discomfort.
Discharged on 2024-09-09 with instructions.",b07a708dcdbde7463a91e91a19e74706e256df7279fc32c8ff4fbad2fde3f8a0,3fb9b35221b5cd888d9899092fc3cc1ebdb05475a8e180423f442db9e4280a15,1983-03-22,06babcf01ce857a31851e8d9a5e2f7c47f695a9e2662ce594bbdef00818ac77b,27755010e9f96c3fb7a46ec5c77d249686685933169a428138d79af8f2106f01,02097f8b4cb32e1802759e43b0e57ead9cfaf21d8b0b5c1d1fe737098d00b53d,"Patient admitted on 2024-08-19 with condition.
Presenting symptoms included discomfort.
Discharged on 2024-09-09 with instructions."
PID10028,Robert Jones,1936-07-16,"742 Maple Dr, Anytown, CA 53176",625-440-2983,robert.jones@example.com,2024-11-28,2024-12-07,"Patient admitted on 2024-11-28 with condition.
Presenting symptoms included discomfort.
Discharged on 2024-12-07 with instructions.",56becaf868d3ccc25bd34ede19b144ab1047e9a7778ad7f5fa622bc6f1489a50,16af147e9f2a0fe0f6a4bb90b448ba450cf44aee5d04d50f18a9c8dc7caa12cf,1936-09-22,773a2bb4b580461adccaf793e294e11e57e1404b60afbb8e3d479d4f8ba2c714,2bf6574fd31c048dbc733f613a7f1ea186aa3b532dcf92211b8575c040135f95,a7a99010efcf3cd755f7193bffb864704fa21803f04a817f2112a2506bd8ac02,"Patient admitted on 2024-11-28 with condition.
Presenting symptoms included discomfort.
Discharged on 2024-12-07 with instructions."
PID10029,Emily Jones,1955-03-03,"909 Elm St, Otherville, FL 30513",613-877-9894,emily.jones@example.com,2024-11-27,2024-12-10,"Patient admitted on 2024-11-27 with condition.
Presenting symptoms included discomfort.
Discharged on 2024-12-10 with instructions.",3ac5eed3704eeb0d5e2cdf5fc52ecd21f310895cf55b53c2a98d86fee4f62a2b,c5197b43c2460bc20d4f6233afb11a90d47a3374c6cda6ae83b74ba814854c54,1955-05-10,e326bf84c7ed7c9492b6b3d1dbb9313a06ec0872b0dc9e36bd66564509641b1f,38c37c5a2a1f562d208d139756f4d29f5f5e82fa5a7e9a83f0bb9776aabea2b5,d8343990a65bac49867863fba3672ead5a8382f271fe3ba19db2347386ba56fc,"Patient admitted on 2024-11-27 with condition.
Presenting symptoms included discomfort.
Discharged on 2024-12-10 with instructions."
PID10030,Sarah Garcia,1943-05-23,"901 Maple Dr, Otherville, NY 29090",699-733-5566,sarah.garcia@example.com,2024-10-03,2024-10-15,"Patient admitted on 2024-10-03 with condition.
Presenting symptoms included discomfort.
Discharged on 2024-10-15 with instructions.",74e2477c59eb18ab6bf2b458db67cbb32411dd3ef0710ec0a96b5c533647a432,662bbc5c479ba76ede92995ea13716dfff1d0c87e491c9e464723eb75dbaaada,1943-07-30,16ddaa77121c305563899d3a6197f0bc58f9ed88bbd1630847d65f8d3569c667,7fb727d98220d1cb6acd1e8b0c6951b8947c553265983780844d107813cf7e41,66f79cda7d23c48cf2ef900dcb7696ddb511fa462088217374d2eecd27b6b257,"Patient admitted on 2024-10-03 with condition.
Presenting symptoms included discomfort.
Discharged on 2024-10-15 with instructions."
PID10031,Emily Brown,1950-03-09,"843 Pine Rd, Otherville, NY 37689",254-722-4787,emily.brown@example.com,2024-12-04,2024-12-18,"Patient admitted on 2024-12-04 with condition.
Presenting symptoms included discomfort.
Discharged on 2024-12-18 with instructions.",aa86de221a13d08585329f3e84cd3b2a4abeae4109553699a8cfb9edfd79e04d,35bdecd61452562b966485a56945d48a18c42486d062803421f526881ebc301b,1950-05-16,f5050f87a332996cb0101e142867138ed690c92aff9abdd4a0934d01b4a6a7e5,99280a4d6cf8bfc06284044168928292610edaa230b2a0e15a563c6e5f9badc4,265d58717e3ae7d6c9f085772167870a28398cc16b56f0972e2e7d0fa89b1f39,"Patient admitted on 2024-12-04 with condition.
Presenting symptoms included discomfort.
Discharged on 2024-12-18 with instructions."
PID10032,Sarah Brown,1957-12-22,"816 Main St, New City, NY 95550",533-939-1829,sarah.brown@example.com,2024-09-08,2024-09-27,"Patient admitted on 2024-09-08 with condition.
Presenting symptoms included discomfort.
Discharged on 2024-09-27 with instructions.",84e84895433221438c565f69a77931bf992a52c69fd781a1dba569c14cff17ae,a255c3bb4b34a104005d818ac2ab1499f8a7d263f2aac69af051462f90e7374d,1958-02-28,1cefcefedc6c7f0e81090111f25332178b0e3ecfe700aecfa57abd552a7f12ac,ed5a48d00e889dd0b61d1aff70f501b0f9aaa164de470b1cc6be4bf6378f5dfa,ab552f42547e105314eb5fecac0bc424d366753a0eaae1b50eb750ec72782b94,"Patient admitted on 2024-09-08 with condition.
Presenting symptoms included discomfort.
Discharged on 2024-09-27 with instructions."
PID10033,Michael Smith,1991-03-12,"442 Maple Dr, Anytown, CA 11012",609-538-4121,michael.smith@example.com,2024-10-22,2024-10-29,"Patient admitted on 2024-10-22 with condition.
Presenting symptoms included discomfort.
Discharged on 2024-10-29 with instructions.",915c9a097477cefda173ee46fcad97389b660884f83fa0ff0b3370d636a27f75,67f59c30c7a8446b1f1b8033e02802334906081e4e98c896b2bb2cf0386fc79c,1991-05-19,174d7762ce56e236308ed892dd104fd04cf81237d4566db98e1b15fa216ef256,3f7dfa850bd9a6bf9fd692e4585aac0373e3aa47e7799e962b84d3b75b2a7a18,1e8fd3fd9979e6cea9e746c3bd377cb47b8b7427f2ad6f225be1338da93ecd63,"Patient admitted on 2024-10-22 with condition.
Presenting symptoms included discomfort.
Discharged on 2024-10-29 with instructions."
PID10034,Jane Smith,1941-12-29,"398 Maple Dr, Anytown, FL 36271",393-626-5025,jane.smith@example.com,2024-09-19,2024-09-28,"Patient admitted on 2024-09-19 with condition.
Presenting symptoms included discomfort.
Discharged on 2024-09-28 with instructions.",93610486a4b284827340c2d1ae81ba455673c5b25ddde591d951bc562442aec2,54a95dea96d270d7422d4242fd4102030b23c92409ab5d1c6868f9f943a6288e,1942-03-07,4a2e2ab38e282995f0a5b2950f65c65ebe8e38f133447cd79e45b66b23ee3c4a,f01ac1e189f23c74dc661314185f32d4d65d5078a0fa8bca04f1f3cdf4cda8a5,8800f58bf8ae39e2771ab8f395984e8d291203fd8f111ce6fc3029085fef5b6a,"Patient admitted on 2024-09-19 with condition.
Presenting symptoms included discomfort.
Discharged on 2024-09-28 with instructions."
PID10035,Michael Smith,1979-01-27,"329 Pine Rd, Anytown, IL 22829",807-291-2731,michael.smith@example.com,2024-08-23,2024-09-10,"Patient admitted on 2024-08-23 with condition.
Presenting symptoms included discomfort.
Discharged on 2024-09-10 with instructions.",915c9a097477cefda173ee46fcad97389b660884f83fa0ff0b3370d636a27f75,78edeb4c42a90ff8e50ea3d98af2ad039ced09cb37875d221541b136fe4400c6,1979-04-05,f4b29f675688f67e490fd2dce1b0ee5aa5cd59a6e9900a258666c92821d8bfc3,e2ca45171cb8ff90247a66c1b0be2b70fd1e864465453e432cf840a35c750c8e,1e8fd3fd9979e6cea9e746c3bd377cb47b8b7427f2ad6f225be1338da93ecd63,"Patient admitted on 2024-08-23 with condition.
Presenting symptoms included discomfort.
Discharged on 2024-09-10 with instructions."
PID10036,Robert Williams,1979-12-28,"574 Oak Ave, Otherville, TX 82002",634-738-7808,robert.williams@example.com,2025-05-18,2025-05-29,"Patient admitted on 2025-05-18 with condition.
Presenting symptoms included discomfort.
Discharged on 2025-05-29 with instructions.",e6d999835d44407c77c9ae83602be9924e2f6db44cfc3587203a37dc1ce78980,c6fa5c0ac621232c8747f4be7dcd5415b11322593fded80d57f8b6fa6388d684,1980-03-05,f81b107f5db8b0c39a49566bca37ff20eb42bc36add737ccb6e70cf706e89cbe,acc24e133a2138d584bec663bbb5c57771f7a053abdd81f01da8a9ef3cfa9270,5e1170753863f6bd7d60f7d384fd274a2db2823782f2eb95efa11a46fdd38df4,"Patient admitted on 2025-05-18 with condition.
Presenting symptoms included discomfort.
Discharged on 2025-05-29 with instructions."
PID10037,John Smith,1959-09-29,"826 Maple Dr, Otherville, NY 62810",393-807-8753,john.smith@example.com,2025-05-23,2025-06-02,"Patient admitted on 2025-05-23 with condition.
Presenting symptoms included discomfort.
Discharged on 2025-06-02 with instructions.",4ed9f905b01d4ab61a7ee993fd7029cf9ff4d61d47880cf5632c0c3c3199a6ac,f92d36c021754275c25347235670f8723c1fc5169bf5d1a65248886f03c2f4d4,1959-12-06,006698747dcadf5e13e3dea2ad066e87291250e2d2bfff12666315bf28bb19a9,f4bc54d54d5793ff403596c6a4485adf4db3b76c16e027cf76312eccf2b343f6,b980fdf7831dc11c0ff7febe7b913c0b3a6b2a462e3f6a7ad4288b5069206017,"Patient admitted on 2025-05-23 with condition.
Presenting symptoms included discomfort.
Discharged on 2025-06-02 with instructions."
PID10038,Sarah Johnson,1961-06-06,"860 Elm St, Anytown, TX 66760",960-215-1488,sarah.johnson@example.com,2024-08-24,2024-08-27,"Patient admitted on 2024-08-24 with condition.
Presenting symptoms included discomfort.
Discharged on 2024-08-27 with instructions.",3b0e8b78d1a758fea307e594b9ec0c2963749e7f3dc9af9e48fbb18999474af4,7659a566f3b5e11b7a059c9839485cc24547f499606dacd68ef3bbdc1a948cbf,1961-08-13,cead9fb593519c94ae8b728adff1af60b6fea900cd36268c760a5d374faa365d,2fa8362d0a9b284e4199892afd267e45189ea4f6fb71ff077b3523507192cbd3,06409f9ddba64c40ad602dd6a6243b5af66d31350fe4d79f7e6befb238d3c43a,"Patient admitted on 2024-08-24 with condition.
Presenting symptoms included discomfort.
Discharged on 2024-08-27 with instructions."
PID10039,John Jones,1962-01-26,"993 Oak Ave, New City, IL 50200",873-799-6171,john.jones@example.com,2025-02-20,2025-03-12,"Patient admitted on 2025-02-20 with condition.
Presenting symptoms included discomfort.
Discharged on 2025-03-12 with instructions.",60f8be7b86cba0dc1c134c114389187d3d3b635429dfd9f75c024ca4af1ea183,3872d896131e0c50fdeca96d14e7d07f09fc70b6e375a213f8edfabfa81b0e25,1962-04-04,9bc5a9204ad26c2bea899a3c4c4913d63b2e27e050b8c835471135e34719af0f,2b5bd597c3afa7516a7ce687eb1b4f3eb558c8c025b0ec824aa329cf560ca155,f1330a1fcc68cf1c3ed34b90af56f32786d4e7ed67a1c038ae606ce84b6fb9fc,"Patient admitted on 2025-02-20 with condition.
Presenting symptoms included discomfort.
Discharged on 2025-03-12 with instructions."
PID10040,Michael Jones,1983-12-29,"962 Elm St, Anytown, CA 67757",255-754-7732,michael.jones@example.com,2025-04-02,2025-04-11,"Patient admitted on 2025-04-02 with condition.
Presenting symptoms included discomfort.
Discharged on 2025-04-11 with instructions.",e051d330088ce7d305fc42314b499b41c939ba9b1d24091ab8686cd24fe63386,f10241f69fb06ba2fe2433c0aa8f9a7a6ac56c1d9c1d48cf7cc706e88bf9e401,1984-03-06,c8f4754ee9ef0fe3472a54c4b29d4bf903e371c708a4a6092638b31098506075,a074e7673526badc913d3a97e9ea4f3f737e0cc6c6154cfe9e6553b87f31cb38,20b58ba7d0bee6eaaffadf2fc4810db26df02cce948952afbf494ce2d2926141,"Patient admitted on 2025-04-02 with condition.
Presenting symptoms included discomfort.
Discharged on 2025-04-11 with instructions."
PID10041,Sarah Williams,1973-06-04,"292 Elm St, Anytown, NY 52066",950-636-9318,sarah.williams@example.com,2025-04-10,2025-04-17,"Patient admitted on 2025-04-10 with condition.
Presenting symptoms included discomfort.
Discharged on 2025-04-17 with instructions.",c291745bd76b4576aebba4addbb9eabf4028da4057441f6b5151549694a6a930,a1c9845c89ba335a3c446964fff41544c6d99f3b18e40908f42c16d49e33a019,1973-08-11,0088fc4d6ee41598c6d9485092680bdcbf80e3ca9d0e746487af57898f591035,172a3e72598fe8d270c92454a91f26807fceec82468edad2d1404c2ea70fe54d,78977fe8772c07c08637e4425c827ff9bed8a52f74f1d3d25da89f932e6ce1a4,"Patient admitted on 2025-04-10 with condition.
Presenting symptoms included discomfort.
Discharged on 2025-04-17 with instructions."
PID10042,Robert Jones,1952-09-29,"759 Oak Ave, New City, CA 61058",946-294-1385,robert.jones@example.com,2024-12-18,2025-01-03,"Patient admitted on 2024-12-18 with condition.
Presenting symptoms included discomfort.
Discharged on 2025-01-03 with instructions.",56becaf868d3ccc25bd34ede19b144ab1047e9a7778ad7f5fa622bc6f1489a50,5824158bab97bfb5dc0be764f8705f24948fc1d2310d653f722c829348a4cd9e,1952-12-06,e9a006e4261c7a00803710608770caf9a0de2314ffac66a1513cdbd409893a46,d461deb1db6d2e83cc3752498a0c71faddbee52f3710c37aad2ecf13bbb878be,a7a99010efcf3cd755f7193bffb864704fa21803f04a817f2112a2506bd8ac02,"Patient admitted on 2024-12-18 with condition.
Presenting symptoms included discomfort.
Discharged on 2025-01-03 with instructions."
PID10043,Sarah Brown,1955-06-11,"762 Main St, Anytown, FL 20273",479-775-1689,sarah.brown@example.com,2024-11-19,2024-11-25,"Patient admitted on 2024-11-19 with condition.
Presenting symptoms included discomfort.
Discharged on 2024-11-25 with instructions.",84e84895433221438c565f69a77931bf992a52c69fd781a1dba569c14cff17ae,f6a997b229f012d49ee6e00aadaff4265b99b24233980a26dc574ac0ba6c6a69,1955-08-18,fcf02cc62a322e29a0bf5455ff48b597044df146c46802e383e89a3ad64f4ae0,e9432b5900e7a8993bb7709afdfce1622db306e47929aa3422a99b6fa11a36b6,ab552f42547e105314eb5fecac0bc424d366753a0eaae1b50eb750ec72782b94,"Patient admitted on 2024-11-19 with condition.
Presenting symptoms included discomfort.
Discharged on 2024-11-25 with instructions."
PID10044,Sarah Williams,1999-03-03,"642 Pine Rd, Somewhere, FL 53130",997-534-8361,sarah.williams@example.com,2024-12-08,2024-12-23,"Patient admitted on 2024-12-08 with condition.
Presenting symptoms included discomfort.
Discharged on 2024-12-23 with instructions.",c291745bd76b4576aebba4addbb9eabf4028da4057441f6b5151549694a6a930,d0b9970ad8678ca85f789947f143898fb872feaf6b412eef82efc49fe08aa8da,1999-05-10,dbc7ceb320beb4b96ed67cd4360cb113b53f2c219053a5b87dfc9dfc8f750451,3643752d9b9f5bbc06124f1d22ce8c40645fb56c23d86eb8f6a657130fd4771f,78977fe8772c07c08637e4425c827ff9bed8a52f74f1d3d25da89f932e6ce1a4,"Patient admitted on 2024-12-08 with condition.
Presenting symptoms included discomfort.
Discharged on 2024-12-23 with instructions."
PID10045,Michael Garcia,1955-02-24,"138 Elm St, Anytown, IL 43374",868-791-1048,michael.garcia@example.com,2025-05-07,2025-05-12,"Patient admitted on 2025-05-07 with condition.
Presenting symptoms included discomfort.
Discharged on 2025-05-12 with instructions.",ab86706161860ce066279ed04a864aff6b70ab39800bcdaa3ca4c334b5f8008a,9d13ca46880337eeb2770cbfd6dc5967ee9d548f81a5f90df5b5a4a6d78043ac,1955-05-03,4f900ac7b9bc4c828fd5a131934e4b393e4a1f19e7b1ddeb074be4139899291c,18ccc5ef50c04baf61dded87fa35cef422314fd8b7fdbebe4b1275e52e085135,86528cb6ffa4c0727c47b0e9a1369188cab894db246d3c0146503f3c31a9f8c1,"Patient admitted on 2025-05-07 with condition.
Presenting symptoms included discomfort.
Discharged on 2025-05-12 with instructions."
PID10046,John Garcia,1997-07-06,"301 Elm St, Somewhere, FL 43988",238-549-9142,john.garcia@example.com,2024-11-09,2024-11-14,"Patient admitted on 2024-11-09 with condition.
Presenting symptoms included discomfort.
Discharged on 2024-11-14 with instructions.",7d2026d54cf40d6ba90eebe1e044bba507464f7b912e7bb5077c93b392996f98,71fbd9dcd8706ddec0a2d7629def930bd4630abec160a40dfc79d7d82387d0f9,1997-09-12,15729ca31b184a0d1ec7e3d895953c3059fe551f666148cc0d0546c5b439b3a4,45edaa06cd3aae2ee082aaf24589b7b8773c6968849e430f93226cb97c8232a1,e7db04b19c8f8d095587f5ca3b95684a7a5840e44b3f33ff6eb7af2c607c1655,"Patient admitted on 2024-11-09 with condition.
Presenting symptoms included discomfort.
Discharged on 2024-11-14 with instructions."
PID10047,Sarah Jones,1975-08-16,"942 Oak Ave, Somewhere, NY 98894",480-559-4544,sarah.jones@example.com,2024-06-10,2024-06-21,"Patient admitted on 2024-06-10 with condition.
Presenting symptoms included discomfort.
Discharged on 2024-06-21 with instructions.",7abf1b8ecb2a8ecf2e214fc0cf5c5853b15a1fcc836afb6d8885c6d065b95416,1ddd25209dd3dcbe00c40e24d7d0a9811e94ce115e786d5ab81bd3c0d5e46541,1975-10-23,7be7febe33c8541fa2831ea72f847127b597e4f4306caf4a177f291f791465e2,06149c8d48290164e9488dba4b64f51a7655214094bf751030bab9131e796e78,ecb74cf314d45d0f5874d8efa6ae515e82b1e4b1bbe517c133c5e9c6e44b536e,"Patient admitted on 2024-06-10 with condition.
Presenting symptoms included discomfort.
Discharged on 2024-06-21 with instructions."
PID10048,Jane Williams,1949-07-02,"484 Oak Ave, Anytown, IL 21906",665-551-3150,jane.williams@example.com,2024-08-27,2024-09-03,"Patient admitted on 2024-08-27 with condition.
Presenting symptoms included discomfort.
Discharged on 2024-09-03 with instructions.",467a0772e8346577c3047cb2da942d93e3dc323c4a9196d520e1aa451fa845b5,bef159ae3189bc02b1243c2a347597806ef6727e71a8a27525cee922671996df,1949-09-08,97d36afa3d9b8953c572cf79b6e1a366a97d24b7d15260d5f944ead7b51b050e,add367e33393838287e7f2ac5f14954432a1c57dedd4b2c77ccb45992f780ce3,5cb45ec6c81a870d91fa505b51268d526f434790c988125b98c1b4da072dcd7e,"Patient admitted on 2024-08-27 with condition.
Presenting symptoms included discomfort.
Discharged on 2024-09-03 with instructions."
PID10049,Sarah Smith,1963-07-14,"937 Maple Dr, Otherville, NY 62562",731-655-9508,sarah.smith@example.com,2024-10-29,2024-11-02,"Patient admitted on 2024-10-29 with condition.
Presenting symptoms included discomfort.
Discharged on 2024-11-02 with instructions.",844e6dd6f619c32008000bc72cc3d91e140954b765bc33055da18b05008e46fa,1b9d62029c8efec0a57985da3f56e1b65c0b149ddc9d49d2199996c90014c140,1963-09-20,4abb5cdf373e8b9c116e8ab761a029ad4b34f15656127d39532e56c218ba8ce5,ecbfa7d3375a524c647241a987884ac1c33914172dbebb2aaca0a77dac505c80,d0d259b54ee7910f70e4df825629c0184e164a1ef512c4672bccaf52e2238482,"Patient admitted on 2024-10-29 with condition.
Presenting symptoms included discomfort.
Discharged on 2024-11-02 with instructions."
